model,OA,AA,kappa,mac_prec,mac_f1,macro_auc,train_time_s,infer_time_s
SVM (RBF),79.19945972622665,68.61663358107675,71.61816629108469,81.72039159732302,69.7677581733517,97.57152763004784,1.2458927631378174,10.973459005355835
3D-CNN-Only,94.24920127795528,90.6261944585813,92.35547885825497,92.20064868002743,91.27971828911778,99.64599233796179,685.7694408893585,51.473848819732666
HybridSN,88.66204316995247,83.54524353006656,84.91675370640066,85.21168455008787,84.04300750141722,99.03073659425066,646.4993231296539,53.13256883621216
SSRN,99.81817709550897,99.64189255650234,99.75891994956575,99.66319674465855,99.65233325626824,99.99918516761542,1404.2371096611023,156.79222583770752
DBDA,96.26743551780565,93.63518661142584,95.04229270434892,94.51528453341545,94.03210331627335,99.83378726039174,1519.5730707645416,155.64905834197998
QHSA-Net (Optimised),98.61295098573989,97.89844282427083,98.16014689774448,97.96821519448842,97.92992318585216,99.95996688397966,889.4465420246124,63.70484495162964
