dataset,bands,classes,OA,AA
Pavia U (QUICK_RUN),103,9,99.91,99.82
Indian Pines,200,16,98.40650406504065,93.91712161390018
Salinas,204,16,99.86657634911838,99.81904667748881
